agency,country,year,mission_type,status,cost_million,duration_days,crew_size,decade,is_success
NASA,USA,1958,Satellite,Success,15.0,362,0,1950s,1
NASA,USA,1958,Satellite,Failure,875.9,321,0,1950s,0
NASA,USA,1958,Satellite,Success,90.7,133,0,1950s,1
NASA,USA,1959,Satellite,Success,114.1,109,0,1950s,1
NASA,USA,1960,Probe,Success,11.9,168,0,1960s,1
NASA,USA,1961,Flyby,Partial Success,413.1,65,0,1960s,0
NASA,USA,1962,Satellite,Success,600.1,53,0,1960s,1
NASA,USA,1962,Probe,Success,197.8,36,6,1960s,1
NASA,USA,1963,Satellite,Success,98.4,88,0,1960s,1
NASA,USA,1963,Crewed,Failure,82.5,140,0,1960s,0
NASA,USA,1963,Satellite,Failure,1083.5,266,0,1960s,0
NASA,USA,1963,Rover,Success,306.8,235,0,1960s,1
NASA,USA,1963,Crewed,Success,30.8,357,0,1960s,1
NASA,USA,1964,Satellite,Success,327.0,182,2,1960s,1
NASA,USA,1965,Probe,Failure,368.5,122,0,1960s,0
NASA,USA,1965,Satellite,Success,28.5,5,0,1960s,1
NASA,USA,1966,Lander,Success,65.0,14,0,1960s,1
NASA,USA,1966,Flyby,Success,412.7,180,2,1960s,1
NASA,USA,1966,Satellite,Failure,557.7,139,2,1960s,0
NASA,USA,1967,Crewed,Success,426.0,354,0,1960s,1
NASA,USA,1967,Crewed,Success,62.8,22,0,1960s,1
NASA,USA,1968,Flyby,Partial Success,72.5,123,0,1960s,0
NASA,USA,1968,Satellite,Success,235.1,125,0,1960s,1
NASA,USA,1968,Space Station,Success,68.5,28,0,1960s,1
NASA,USA,1968,Satellite,Partial Success,278.8,258,0,1960s,0
NASA,USA,1969,Satellite,Failure,51.6,7,0,1960s,0
NASA,USA,1969,Satellite,Failure,179.4,46,0,1960s,0
NASA,USA,1969,Lander,Success,122.2,496,0,1960s,1
NASA,USA,1969,Satellite,Success,646.5,377,0,1960s,1
NASA,USA,1969,Rover,Failure,202.5,135,0,1960s,0
NASA,USA,1970,Satellite,Success,323.6,409,2,1970s,1
NASA,USA,1970,Telescope,Failure,22.0,31,2,1970s,0
NASA,USA,1970,Satellite,Failure,26.7,196,0,1970s,0
NASA,USA,1971,Lander,Success,67.7,70,0,1970s,1
NASA,USA,1971,Rover,Failure,268.0,151,0,1970s,0
NASA,USA,1971,Satellite,Success,69.9,650,0,1970s,1
NASA,USA,1972,Satellite,Failure,6.2,186,0,1970s,0
NASA,USA,1972,Flyby,Partial Success,615.9,83,0,1970s,0
NASA,USA,1972,Crewed,Partial Success,850.2,596,2,1970s,0
NASA,USA,1972,Crewed,Success,476.2,68,0,1970s,1
NASA,USA,1972,Flyby,Success,297.7,151,0,1970s,1
NASA,USA,1972,Flyby,Failure,37.7,131,2,1970s,0
NASA,USA,1973,Rover,Failure,504.5,440,0,1970s,0
NASA,USA,1973,Rover,Success,262.4,217,0,1970s,1
NASA,USA,1973,Satellite,Partial Success,117.7,17,0,1970s,0
NASA,USA,1973,Probe,Success,195.6,60,0,1970s,1
NASA,USA,1974,Rover,Success,111.6,24,0,1970s,1
NASA,USA,1975,Probe,Success,194.5,182,0,1970s,1
NASA,USA,1975,Probe,Partial Success,97.5,285,0,1970s,0
NASA,USA,1975,Satellite,Success,6.4,591,2,1970s,1
NASA,USA,1976,Satellite,Success,199.2,225,0,1970s,1
NASA,USA,1976,Flyby,Success,334.8,145,0,1970s,1
NASA,USA,1977,Satellite,Failure,30.8,8,0,1970s,0
NASA,USA,1977,Lander,Failure,160.7,18,0,1970s,0
NASA,USA,1978,Telescope,Success,252.0,8,0,1970s,1
NASA,USA,1978,Probe,Failure,485.3,193,0,1970s,0
NASA,USA,1979,Probe,Success,704.3,154,0,1970s,1
NASA,USA,1980,Satellite,Success,5.0,17,0,1980s,1
NASA,USA,1980,Satellite,Success,465.9,4,2,1980s,1
NASA,USA,1980,Satellite,Success,298.3,178,2,1980s,1
NASA,USA,1980,Rover,Success,82.8,35,0,1980s,1
NASA,USA,1980,Flyby,Failure,133.0,83,0,1980s,0
NASA,USA,1980,Flyby,Success,488.7,100,0,1980s,1
NASA,USA,1980,Satellite,Failure,582.1,126,2,1980s,0
NASA,USA,1981,Satellite,Failure,96.2,539,6,1980s,0
NASA,USA,1981,Telescope,Success,148.8,62,0,1980s,1
NASA,USA,1981,Lander,Success,392.0,280,0,1980s,1
NASA,USA,1982,Crewed,Success,546.7,77,0,1980s,1
NASA,USA,1983,Lander,Success,18.9,310,0,1980s,1
NASA,USA,1983,Satellite,Success,1078.9,84,0,1980s,1
NASA,USA,1983,Flyby,Failure,1067.2,251,0,1980s,0
NASA,USA,1984,Space Station,Success,29.5,122,0,1980s,1
NASA,USA,1984,Satellite,Success,31.6,22,0,1980s,1
NASA,USA,1985,Satellite,Failure,825.7,2,6,1980s,0
NASA,USA,1985,Space Station,Success,187.5,892,0,1980s,1
NASA,USA,1985,Flyby,Success,185.1,178,0,1980s,1
NASA,USA,1985,Telescope,Success,219.5,416,0,1980s,1
NASA,USA,1986,Probe,Success,109.0,157,0,1980s,1
NASA,USA,1986,Flyby,Partial Success,299.5,138,0,1980s,0
NASA,USA,1986,Lander,Failure,44.4,435,2,1980s,0
NASA,USA,1986,Lander,Partial Success,237.6,97,4,1980s,0
NASA,USA,1986,Satellite,Failure,6.7,85,2,1980s,0
NASA,USA,1987,Rover,Partial Success,455.5,113,0,1980s,0
NASA,USA,1987,Satellite,Success,500.1,301,7,1980s,1
NASA,USA,1987,Probe,Partial Success,366.3,521,2,1980s,0
NASA,USA,1988,Telescope,Partial Success,64.9,200,0,1980s,0
NASA,USA,1988,Satellite,Success,278.4,132,0,1980s,1
NASA,USA,1989,Satellite,Success,351.8,174,0,1980s,1
NASA,USA,1989,Satellite,Success,5.0,77,0,1980s,1
NASA,USA,1989,Crewed,Success,586.3,77,0,1980s,1
NASA,USA,1989,Crewed,Failure,243.3,356,4,1980s,0
NASA,USA,1989,Flyby,Success,169.4,53,0,1980s,1
NASA,USA,1990,Satellite,Success,34.3,29,0,1990s,1
NASA,USA,1990,Satellite,Success,106.0,408,0,1990s,1
NASA,USA,1990,Satellite,Success,53.4,7,0,1990s,1
NASA,USA,1990,Satellite,Success,23.2,23,0,1990s,1
NASA,USA,1991,Satellite,Success,401.6,177,0,1990s,1
NASA,USA,1991,Flyby,Failure,15.8,58,2,1990s,0
NASA,USA,1992,Probe,Success,240.8,82,0,1990s,1
NASA,USA,1992,Satellite,Success,72.7,224,2,1990s,1
NASA,USA,1993,Probe,Success,69.4,56,0,1990s,1
NASA,USA,1993,Satellite,Success,59.4,71,0,1990s,1
NASA,USA,1994,Probe,Success,342.1,101,0,1990s,1
NASA,USA,1994,Crewed,Success,259.6,152,0,1990s,1
NASA,USA,1994,Telescope,Partial Success,67.7,19,0,1990s,0
NASA,USA,1994,Satellite,Success,51.6,60,0,1990s,1
NASA,USA,1994,Satellite,Failure,185.9,95,7,1990s,0
NASA,USA,1995,Space Station,Partial Success,424.7,53,0,1990s,0
NASA,USA,1996,Satellite,Success,138.5,127,0,1990s,1
NASA,USA,1996,Telescope,Success,85.1,156,0,1990s,1
NASA,USA,1996,Probe,Success,13.3,73,0,1990s,1
NASA,USA,1996,Flyby,Success,97.3,298,0,1990s,1
NASA,USA,1996,Lander,Success,226.4,114,0,1990s,1
NASA,USA,1997,Flyby,Success,50.0,12,0,1990s,1
NASA,USA,1997,Rover,Success,37.6,285,0,1990s,1
NASA,USA,1997,Satellite,Success,421.3,196,0,1990s,1
NASA,USA,1997,Space Station,Success,124.6,305,0,1990s,1
NASA,USA,1998,Satellite,Success,574.6,87,0,1990s,1
NASA,USA,1998,Telescope,Failure,31.1,505,0,1990s,0
NASA,USA,1998,Satellite,Success,395.0,174,0,1990s,1
NASA,USA,1999,Lander,Success,8.5,151,0,1990s,1
NASA,USA,1999,Satellite,Failure,430.5,21,2,1990s,0
NASA,USA,1999,Crewed,Success,399.0,29,0,1990s,1
NASA,USA,2000,Satellite,Success,597.7,157,0,2000s,1
NASA,USA,2000,Flyby,Success,41.6,158,0,2000s,1
NASA,USA,2000,Satellite,Success,514.2,484,0,2000s,1
NASA,USA,2000,Flyby,Success,307.1,29,0,2000s,1
NASA,USA,2000,Crewed,Success,333.4,490,4,2000s,1
NASA,USA,2001,Flyby,Success,509.9,131,0,2000s,1
NASA,USA,2001,Satellite,Success,102.1,292,0,2000s,1
NASA,USA,2001,Crewed,Success,192.7,454,0,2000s,1
NASA,USA,2002,Satellite,Success,48.5,124,0,2000s,1
NASA,USA,2002,Crewed,Success,217.2,180,0,2000s,1
NASA,USA,2002,Satellite,Success,811.5,28,0,2000s,1
NASA,USA,2003,Satellite,Success,346.5,42,2,2000s,1
NASA,USA,2003,Satellite,Success,9.3,114,0,2000s,1
NASA,USA,2004,Crewed,Success,128.0,147,0,2000s,1
NASA,USA,2004,Space Station,Success,730.2,84,0,2000s,1
NASA,USA,2005,Lander,Success,268.9,4,0,2000s,1
NASA,USA,2005,Telescope,Success,5.0,19,0,2000s,1
NASA,USA,2006,Satellite,Success,320.3,348,2,2000s,1
NASA,USA,2006,Telescope,Success,57.3,62,2,2000s,1
NASA,USA,2007,Satellite,Success,6.7,36,0,2000s,1
NASA,USA,2008,Probe,Success,78.0,176,0,2000s,1
NASA,USA,2008,Crewed,Success,87.2,533,0,2000s,1
NASA,USA,2008,Space Station,Success,167.1,404,0,2000s,1
NASA,USA,2008,Satellite,Success,78.2,140,0,2000s,1
NASA,USA,2009,Flyby,Success,186.5,33,0,2000s,1
NASA,USA,2010,Satellite,Success,214.8,57,0,2010s,1
NASA,USA,2011,Space Station,Success,517.7,163,0,2010s,1
NASA,USA,2011,Satellite,Success,614.6,97,0,2010s,1
NASA,USA,2011,Satellite,Success,45.5,241,0,2010s,1
NASA,USA,2012,Lander,Success,88.1,150,0,2010s,1
NASA,USA,2012,Flyby,Success,329.7,43,0,2010s,1
NASA,USA,2012,Probe,Success,13.2,123,0,2010s,1
NASA,USA,2013,Lander,Success,171.0,209,0,2010s,1
NASA,USA,2013,Rover,Success,401.6,213,0,2010s,1
NASA,USA,2014,Satellite,Success,750.1,106,0,2010s,1
NASA,USA,2014,Space Station,Success,329.4,295,0,2010s,1
NASA,USA,2015,Flyby,Partial Success,10.1,220,4,2010s,0
NASA,USA,2015,Probe,Success,617.7,6,0,2010s,1
NASA,USA,2015,Flyby,Success,885.6,519,0,2010s,1
NASA,USA,2015,Rover,Success,96.1,317,0,2010s,1
NASA,USA,2016,Lander,Success,103.8,232,0,2010s,1
NASA,USA,2016,Probe,Success,391.0,69,0,2010s,1
NASA,USA,2017,Satellite,Success,519.3,135,4,2010s,1
NASA,USA,2017,Flyby,Success,108.0,262,0,2010s,1
NASA,USA,2017,Telescope,Success,517.2,745,0,2010s,1
NASA,USA,2018,Crewed,Success,84.7,63,0,2010s,1
NASA,USA,2018,Satellite,Success,1100.0,100,0,2010s,1
NASA,USA,2018,Satellite,Success,748.7,277,0,2010s,1
NASA,USA,2019,Satellite,Partial Success,715.0,188,0,2010s,0
NASA,USA,2019,Satellite,Success,48.6,44,0,2010s,1
NASA,USA,2019,Crewed,Success,14.9,625,2,2010s,1
NASA,USA,2019,Flyby,Success,47.8,90,0,2010s,1
NASA,USA,2019,Satellite,Success,423.0,45,0,2010s,1
NASA,USA,2020,Satellite,Success,34.7,395,6,2020s,1
NASA,USA,2020,Rover,Success,266.2,144,0,2020s,1
NASA,USA,2020,Crewed,Success,75.2,231,0,2020s,1
NASA,USA,2021,Satellite,Success,476.3,123,0,2020s,1
NASA,USA,2022,Rover,Success,268.6,342,2,2020s,1
NASA,USA,2022,Rover,Success,298.9,205,0,2020s,1
NASA,USA,2022,Satellite,Success,531.9,369,0,2020s,1
NASA,USA,2022,Satellite,Success,102.0,244,0,2020s,1
NASA,USA,2022,Rover,Success,177.0,1,0,2020s,1
NASA,USA,2023,Satellite,Success,357.9,140,6,2020s,1
NASA,USA,2023,Telescope,Success,672.2,19,4,2020s,1
NASA,USA,2023,Satellite,Success,89.5,221,0,2020s,1
NASA,USA,2023,Satellite,Success,242.5,8,2,2020s,1
NASA,USA,2023,Flyby,Failure,346.2,25,0,2020s,0
Roscosmos,Russia,1957,Satellite,Success,100.6,264,0,1950s,1
Roscosmos,Russia,1958,Crewed,Partial Success,90.1,32,0,1950s,0
Roscosmos,Russia,1959,Lander,Success,159.4,57,6,1950s,1
Roscosmos,Russia,1960,Flyby,Success,81.6,183,0,1960s,1
Roscosmos,Russia,1961,Satellite,Partial Success,35.9,5,0,1960s,0
Roscosmos,Russia,1961,Space Station,Success,96.1,620,0,1960s,1
Roscosmos,Russia,1962,Satellite,Success,380.5,172,0,1960s,1
Roscosmos,Russia,1962,Satellite,Success,20.1,208,0,1960s,1
Roscosmos,Russia,1962,Probe,Success,10.0,156,0,1960s,1
Roscosmos,Russia,1962,Satellite,Failure,91.1,2,0,1960s,0
Roscosmos,Russia,1962,Probe,Success,137.5,62,0,1960s,1
Roscosmos,Russia,1963,Satellite,Success,41.6,777,0,1960s,1
Roscosmos,Russia,1963,Telescope,Success,181.8,147,0,1960s,1
Roscosmos,Russia,1964,Crewed,Success,5.1,14,0,1960s,1
Roscosmos,Russia,1965,Lander,Success,241.9,40,0,1960s,1
Roscosmos,Russia,1966,Lander,Failure,5.0,495,0,1960s,0
Roscosmos,Russia,1967,Rover,Success,12.5,405,0,1960s,1
Roscosmos,Russia,1967,Probe,Failure,154.7,134,0,1960s,0
Roscosmos,Russia,1967,Satellite,Success,42.6,31,2,1960s,1
Roscosmos,Russia,1967,Flyby,Success,61.6,36,0,1960s,1
Roscosmos,Russia,1968,Satellite,Failure,841.3,662,0,1960s,0
Roscosmos,Russia,1968,Lander,Success,11.2,5,0,1960s,1
Roscosmos,Russia,1969,Satellite,Success,69.6,790,0,1960s,1
Roscosmos,Russia,1969,Probe,Failure,86.6,232,0,1960s,0
Roscosmos,Russia,1969,Space Station,Failure,82.2,58,0,1960s,0
Roscosmos,Russia,1970,Space Station,Failure,29.7,48,6,1970s,0
Roscosmos,Russia,1970,Rover,Success,101.7,51,2,1970s,1
Roscosmos,Russia,1970,Probe,Success,66.8,161,0,1970s,1
Roscosmos,Russia,1970,Flyby,Success,44.8,192,0,1970s,1
Roscosmos,Russia,1970,Satellite,Failure,525.1,108,0,1970s,0
Roscosmos,Russia,1971,Satellite,Success,264.8,101,0,1970s,1
Roscosmos,Russia,1972,Lander,Success,163.5,115,2,1970s,1
Roscosmos,Russia,1972,Probe,Failure,304.1,41,0,1970s,0
Roscosmos,Russia,1972,Satellite,Success,113.6,496,0,1970s,1
Roscosmos,Russia,1973,Satellite,Success,24.1,776,6,1970s,1
Roscosmos,Russia,1973,Flyby,Success,152.9,364,0,1970s,1
Roscosmos,Russia,1973,Probe,Success,164.9,27,0,1970s,1
Roscosmos,Russia,1974,Flyby,Failure,14.8,200,0,1970s,0
Roscosmos,Russia,1974,Satellite,Failure,177.0,327,4,1970s,0
Roscosmos,Russia,1975,Lander,Partial Success,169.3,43,0,1970s,0
Roscosmos,Russia,1975,Telescope,Success,16.9,193,7,1970s,1
Roscosmos,Russia,1975,Flyby,Success,78.4,368,0,1970s,1
Roscosmos,Russia,1975,Lander,Success,316.2,93,0,1970s,1
Roscosmos,Russia,1975,Rover,Failure,215.5,287,0,1970s,0
Roscosmos,Russia,1976,Crewed,Success,75.7,214,0,1970s,1
Roscosmos,Russia,1976,Satellite,Success,70.1,46,0,1970s,1
Roscosmos,Russia,1976,Telescope,Failure,144.9,112,0,1970s,0
Roscosmos,Russia,1977,Crewed,Success,76.3,156,0,1970s,1
Roscosmos,Russia,1977,Lander,Failure,251.5,227,6,1970s,0
Roscosmos,Russia,1977,Satellite,Success,5.0,187,2,1970s,1
Roscosmos,Russia,1978,Crewed,Partial Success,16.0,119,0,1970s,0
Roscosmos,Russia,1978,Satellite,Success,243.7,139,0,1970s,1
Roscosmos,Russia,1979,Satellite,Success,171.4,36,0,1970s,1
Roscosmos,Russia,1979,Satellite,Failure,125.7,53,6,1970s,0
Roscosmos,Russia,1979,Rover,Success,119.9,7,0,1970s,1
Roscosmos,Russia,1980,Crewed,Success,274.8,414,0,1980s,1
Roscosmos,Russia,1980,Rover,Success,48.2,311,0,1980s,1
Roscosmos,Russia,1980,Satellite,Success,146.7,108,0,1980s,1
Roscosmos,Russia,1980,Lander,Success,297.9,43,0,1980s,1
Roscosmos,Russia,1980,Telescope,Success,140.1,142,0,1980s,1
Roscosmos,Russia,1981,Crewed,Success,83.8,227,0,1980s,1
Roscosmos,Russia,1981,Satellite,Partial Success,16.5,231,0,1980s,0
Roscosmos,Russia,1981,Satellite,Success,13.4,404,0,1980s,1
Roscosmos,Russia,1981,Satellite,Success,65.8,12,0,1980s,1
Roscosmos,Russia,1982,Space Station,Success,157.8,137,0,1980s,1
Roscosmos,Russia,1982,Telescope,Success,770.9,195,0,1980s,1
Roscosmos,Russia,1983,Flyby,Success,28.9,210,0,1980s,1
Roscosmos,Russia,1983,Satellite,Success,89.8,254,0,1980s,1
Roscosmos,Russia,1984,Flyby,Success,392.6,139,2,1980s,1
Roscosmos,Russia,1984,Telescope,Success,14.0,253,0,1980s,1
Roscosmos,Russia,1984,Rover,Failure,185.0,6,0,1980s,0
Roscosmos,Russia,1984,Crewed,Success,13.8,497,0,1980s,1
Roscosmos,Russia,1985,Flyby,Success,103.1,872,2,1980s,1
Roscosmos,Russia,1985,Flyby,Success,18.6,306,0,1980s,1
Roscosmos,Russia,1985,Space Station,Failure,245.9,280,0,1980s,0
Roscosmos,Russia,1986,Lander,Success,63.7,668,0,1980s,1
Roscosmos,Russia,1987,Lander,Success,28.8,125,0,1980s,1
Roscosmos,Russia,1987,Crewed,Success,10.6,4,0,1980s,1
Roscosmos,Russia,1987,Probe,Partial Success,506.4,101,0,1980s,0
Roscosmos,Russia,1987,Crewed,Success,16.8,184,0,1980s,1
Roscosmos,Russia,1988,Probe,Failure,9.0,948,0,1980s,0
Roscosmos,Russia,1988,Flyby,Success,41.0,27,0,1980s,1
Roscosmos,Russia,1988,Satellite,Success,176.7,11,0,1980s,1
Roscosmos,Russia,1989,Space Station,Success,89.6,38,0,1980s,1
Roscosmos,Russia,1989,Rover,Success,198.4,263,0,1980s,1
Roscosmos,Russia,1989,Probe,Success,5.0,54,0,1980s,1
Roscosmos,Russia,1989,Probe,Success,36.3,2,0,1980s,1
Roscosmos,Russia,1989,Rover,Partial Success,481.3,120,0,1980s,0
Roscosmos,Russia,1989,Probe,Success,279.0,18,0,1980s,1
Roscosmos,Russia,1990,Probe,Success,70.7,90,0,1990s,1
Roscosmos,Russia,1991,Satellite,Failure,348.1,111,0,1990s,0
Roscosmos,Russia,1991,Space Station,Success,151.9,171,0,1990s,1
Roscosmos,Russia,1991,Satellite,Success,200.6,129,0,1990s,1
Roscosmos,Russia,1991,Satellite,Success,189.0,13,0,1990s,1
Roscosmos,Russia,1991,Flyby,Success,200.6,78,0,1990s,1
Roscosmos,Russia,1991,Lander,Success,162.4,36,0,1990s,1
Roscosmos,Russia,1991,Telescope,Success,216.8,55,0,1990s,1
Roscosmos,Russia,1992,Telescope,Failure,72.2,41,0,1990s,0
Roscosmos,Russia,1992,Lander,Success,154.9,136,0,1990s,1
Roscosmos,Russia,1993,Satellite,Success,61.9,473,0,1990s,1
Roscosmos,Russia,1993,Crewed,Success,86.8,170,4,1990s,1
Roscosmos,Russia,1993,Satellite,Success,33.0,392,0,1990s,1
Roscosmos,Russia,1993,Rover,Success,296.4,337,4,1990s,1
Roscosmos,Russia,1993,Lander,Success,92.6,332,0,1990s,1
Roscosmos,Russia,1993,Telescope,Failure,29.3,141,7,1990s,0
Roscosmos,Russia,1993,Satellite,Partial Success,27.0,25,0,1990s,0
Roscosmos,Russia,1994,Probe,Success,53.0,149,0,1990s,1
Roscosmos,Russia,1994,Telescope,Failure,214.8,31,0,1990s,0
Roscosmos,Russia,1994,Satellite,Success,194.4,864,0,1990s,1
Roscosmos,Russia,1994,Rover,Success,34.2,145,0,1990s,1
Roscosmos,Russia,1994,Satellite,Success,65.9,275,0,1990s,1
Roscosmos,Russia,1995,Satellite,Failure,205.4,40,6,1990s,0
Roscosmos,Russia,1996,Space Station,Success,841.3,82,0,1990s,1
Roscosmos,Russia,1996,Space Station,Success,134.9,89,0,1990s,1
Roscosmos,Russia,1997,Crewed,Success,237.1,17,0,1990s,1
Roscosmos,Russia,1998,Probe,Success,123.4,166,0,1990s,1
Roscosmos,Russia,1998,Satellite,Failure,261.5,124,0,1990s,0
Roscosmos,Russia,1999,Lander,Failure,233.1,131,0,1990s,0
Roscosmos,Russia,2000,Satellite,Success,37.4,164,0,2000s,1
Roscosmos,Russia,2001,Rover,Success,72.6,152,0,2000s,1
Roscosmos,Russia,2001,Crewed,Success,61.1,4,0,2000s,1
Roscosmos,Russia,2001,Satellite,Success,109.5,63,4,2000s,1
Roscosmos,Russia,2001,Crewed,Success,309.2,332,0,2000s,1
Roscosmos,Russia,2001,Probe,Success,98.9,25,0,2000s,1
Roscosmos,Russia,2001,Probe,Success,86.1,235,0,2000s,1
Roscosmos,Russia,2002,Telescope,Success,470.6,12,0,2000s,1
Roscosmos,Russia,2002,Satellite,Success,42.5,426,0,2000s,1
Roscosmos,Russia,2003,Satellite,Success,9.7,426,0,2000s,1
Roscosmos,Russia,2003,Crewed,Success,64.0,414,0,2000s,1
Roscosmos,Russia,2003,Flyby,Success,123.2,497,0,2000s,1
Roscosmos,Russia,2003,Satellite,Success,196.9,716,0,2000s,1
Roscosmos,Russia,2004,Telescope,Failure,64.5,21,0,2000s,0
Roscosmos,Russia,2004,Satellite,Success,285.2,148,0,2000s,1
Roscosmos,Russia,2004,Space Station,Success,192.5,12,0,2000s,1
Roscosmos,Russia,2005,Probe,Success,27.2,524,2,2000s,1
Roscosmos,Russia,2006,Probe,Success,246.3,110,0,2000s,1
Roscosmos,Russia,2006,Satellite,Success,44.9,32,0,2000s,1
Roscosmos,Russia,2006,Probe,Success,34.4,378,2,2000s,1
Roscosmos,Russia,2006,Satellite,Success,90.0,755,0,2000s,1
Roscosmos,Russia,2007,Probe,Success,359.9,139,0,2000s,1
Roscosmos,Russia,2008,Flyby,Success,34.2,133,0,2000s,1
Roscosmos,Russia,2008,Probe,Success,151.0,287,0,2000s,1
Roscosmos,Russia,2008,Probe,Success,25.8,214,0,2000s,1
Roscosmos,Russia,2009,Satellite,Success,336.6,191,0,2000s,1
Roscosmos,Russia,2009,Telescope,Success,13.1,385,2,2000s,1
Roscosmos,Russia,2009,Flyby,Success,81.1,745,0,2000s,1
Roscosmos,Russia,2009,Satellite,Success,320.5,100,0,2000s,1
Roscosmos,Russia,2009,Probe,Success,112.4,228,2,2000s,1
Roscosmos,Russia,2010,Rover,Success,116.7,222,0,2010s,1
Roscosmos,Russia,2010,Rover,Success,92.2,79,0,2010s,1
Roscosmos,Russia,2011,Rover,Success,15.9,49,0,2010s,1
Roscosmos,Russia,2011,Probe,Success,207.2,189,0,2010s,1
Roscosmos,Russia,2012,Satellite,Success,173.9,12,0,2010s,1
Roscosmos,Russia,2012,Satellite,Success,272.1,58,0,2010s,1
Roscosmos,Russia,2012,Probe,Success,54.6,43,0,2010s,1
Roscosmos,Russia,2012,Telescope,Success,417.8,368,0,2010s,1
Roscosmos,Russia,2012,Telescope,Success,45.2,427,0,2010s,1
Roscosmos,Russia,2013,Space Station,Success,118.7,86,6,2010s,1
Roscosmos,Russia,2013,Crewed,Success,6.4,242,4,2010s,1
Roscosmos,Russia,2014,Satellite,Success,493.8,233,0,2010s,1
Roscosmos,Russia,2014,Satellite,Success,309.2,21,0,2010s,1
Roscosmos,Russia,2014,Satellite,Success,41.5,2,0,2010s,1
Roscosmos,Russia,2014,Probe,Success,52.9,64,0,2010s,1
Roscosmos,Russia,2015,Rover,Success,165.3,161,2,2010s,1
Roscosmos,Russia,2016,Rover,Success,5.3,157,7,2010s,1
Roscosmos,Russia,2017,Probe,Success,18.3,17,4,2010s,1
Roscosmos,Russia,2017,Rover,Success,316.8,152,0,2010s,1
Roscosmos,Russia,2018,Space Station,Success,87.9,168,0,2010s,1
Roscosmos,Russia,2018,Lander,Success,40.7,129,0,2010s,1
Roscosmos,Russia,2018,Probe,Success,158.4,541,0,2010s,1
Roscosmos,Russia,2019,Crewed,Success,95.9,8,0,2010s,1
Roscosmos,Russia,2019,Flyby,Success,60.4,118,0,2010s,1
Roscosmos,Russia,2019,Satellite,Success,34.8,130,0,2010s,1
Roscosmos,Russia,2020,Satellite,Success,17.1,74,2,2020s,1
Roscosmos,Russia,2021,Telescope,Success,18.1,76,0,2020s,1
Roscosmos,Russia,2021,Probe,Success,181.7,888,0,2020s,1
Roscosmos,Russia,2021,Crewed,Success,82.2,95,4,2020s,1
Roscosmos,Russia,2021,Telescope,Success,55.5,312,6,2020s,1
Roscosmos,Russia,2022,Satellite,Success,44.7,11,0,2020s,1
Roscosmos,Russia,2023,Crewed,Success,19.3,97,0,2020s,1
Roscosmos,Russia,2023,Satellite,Success,65.7,511,0,2020s,1
ESA,Europe,1975,Telescope,Success,611.3,170,2,1970s,1
ESA,Europe,1975,Satellite,Failure,581.9,12,0,1970s,0
ESA,Europe,1976,Crewed,Success,87.4,119,0,1970s,1
ESA,Europe,1977,Probe,Success,105.1,235,0,1970s,1
ESA,Europe,1978,Satellite,Success,389.0,106,0,1970s,1
ESA,Europe,1978,Rover,Failure,621.1,101,0,1970s,0
ESA,Europe,1978,Crewed,Success,229.7,220,0,1970s,1
ESA,Europe,1979,Satellite,Success,552.0,76,0,1970s,1
ESA,Europe,1980,Telescope,Success,104.1,13,0,1980s,1
ESA,Europe,1981,Crewed,Success,61.4,796,0,1980s,1
ESA,Europe,1982,Satellite,Success,176.0,598,0,1980s,1
ESA,Europe,1983,Crewed,Success,43.6,4,0,1980s,1
ESA,Europe,1984,Satellite,Failure,780.4,67,2,1980s,0
ESA,Europe,1985,Crewed,Partial Success,121.7,74,0,1980s,0
ESA,Europe,1985,Probe,Success,195.1,258,2,1980s,1
ESA,Europe,1985,Satellite,Success,75.1,38,0,1980s,1
ESA,Europe,1986,Probe,Partial Success,106.7,156,0,1980s,0
ESA,Europe,1987,Flyby,Success,530.7,175,0,1980s,1
ESA,Europe,1987,Satellite,Success,125.7,7,0,1980s,1
ESA,Europe,1988,Space Station,Partial Success,320.2,137,2,1980s,0
ESA,Europe,1989,Satellite,Failure,395.2,58,2,1980s,0
ESA,Europe,1990,Flyby,Success,165.1,358,0,1990s,1
ESA,Europe,1991,Lander,Success,122.2,128,0,1990s,1
ESA,Europe,1992,Lander,Failure,213.1,562,0,1990s,0
ESA,Europe,1992,Rover,Success,144.6,337,2,1990s,1
ESA,Europe,1992,Space Station,Success,148.7,128,0,1990s,1
ESA,Europe,1993,Lander,Success,320.7,212,0,1990s,1
ESA,Europe,1994,Satellite,Failure,59.2,568,0,1990s,0
ESA,Europe,1995,Rover,Success,337.2,27,0,1990s,1
ESA,Europe,1995,Telescope,Failure,363.2,336,0,1990s,0
ESA,Europe,1995,Probe,Success,20.2,94,0,1990s,1
ESA,Europe,1995,Satellite,Success,29.4,297,4,1990s,1
ESA,Europe,1996,Satellite,Success,173.6,284,0,1990s,1
ESA,Europe,1996,Satellite,Success,128.9,62,0,1990s,1
ESA,Europe,1997,Satellite,Success,255.7,695,0,1990s,1
ESA,Europe,1997,Telescope,Success,32.8,395,0,1990s,1
ESA,Europe,1997,Probe,Success,245.1,13,0,1990s,1
ESA,Europe,1997,Lander,Success,432.2,293,0,1990s,1
ESA,Europe,1997,Satellite,Success,373.3,56,0,1990s,1
ESA,Europe,1998,Satellite,Success,345.2,68,0,1990s,1
ESA,Europe,1999,Lander,Success,16.2,329,0,1990s,1
ESA,Europe,2000,Satellite,Success,462.4,67,0,2000s,1
ESA,Europe,2000,Crewed,Success,601.8,85,6,2000s,1
ESA,Europe,2000,Lander,Success,170.2,88,0,2000s,1
ESA,Europe,2001,Lander,Success,274.4,608,0,2000s,1
ESA,Europe,2002,Telescope,Success,12.3,80,6,2000s,1
ESA,Europe,2002,Crewed,Success,153.0,42,0,2000s,1
ESA,Europe,2002,Satellite,Success,364.8,96,2,2000s,1
ESA,Europe,2003,Telescope,Success,234.0,62,0,2000s,1
ESA,Europe,2003,Lander,Success,94.8,186,0,2000s,1
ESA,Europe,2003,Satellite,Success,552.3,60,0,2000s,1
ESA,Europe,2003,Satellite,Success,181.3,56,2,2000s,1
ESA,Europe,2004,Satellite,Success,5.0,23,0,2000s,1
ESA,Europe,2005,Flyby,Success,183.0,203,0,2000s,1
ESA,Europe,2005,Lander,Success,184.2,671,0,2000s,1
ESA,Europe,2005,Lander,Success,411.5,23,0,2000s,1
ESA,Europe,2005,Satellite,Success,370.9,131,0,2000s,1
ESA,Europe,2006,Telescope,Success,914.3,337,0,2000s,1
ESA,Europe,2007,Satellite,Success,70.8,119,0,2000s,1
ESA,Europe,2007,Satellite,Success,791.3,514,0,2000s,1
ESA,Europe,2007,Probe,Partial Success,822.6,14,0,2000s,0
ESA,Europe,2007,Satellite,Success,37.9,175,0,2000s,1
ESA,Europe,2007,Satellite,Success,416.7,181,0,2000s,1
ESA,Europe,2008,Space Station,Success,307.5,11,0,2000s,1
ESA,Europe,2008,Telescope,Success,148.4,25,6,2000s,1
ESA,Europe,2008,Satellite,Success,173.6,204,0,2000s,1
ESA,Europe,2008,Rover,Success,153.9,142,0,2000s,1
ESA,Europe,2009,Crewed,Success,58.7,9,2,2000s,1
ESA,Europe,2010,Flyby,Failure,311.0,714,0,2010s,0
ESA,Europe,2010,Crewed,Success,225.1,13,0,2010s,1
ESA,Europe,2010,Satellite,Failure,393.3,429,4,2010s,0
ESA,Europe,2010,Probe,Failure,946.4,254,0,2010s,0
ESA,Europe,2010,Lander,Success,71.0,184,0,2010s,1
ESA,Europe,2011,Satellite,Success,110.4,469,0,2010s,1
ESA,Europe,2011,Satellite,Success,97.0,339,0,2010s,1
ESA,Europe,2011,Crewed,Success,7.4,118,0,2010s,1
ESA,Europe,2012,Flyby,Success,1249.7,8,0,2010s,1
ESA,Europe,2013,Satellite,Success,207.6,79,0,2010s,1
ESA,Europe,2013,Satellite,Success,626.0,19,0,2010s,1
ESA,Europe,2013,Satellite,Success,9.2,34,2,2010s,1
ESA,Europe,2013,Flyby,Success,217.8,103,0,2010s,1
ESA,Europe,2013,Lander,Success,83.0,78,2,2010s,1
ESA,Europe,2013,Space Station,Success,135.9,272,0,2010s,1
ESA,Europe,2014,Rover,Success,58.0,13,0,2010s,1
ESA,Europe,2014,Probe,Success,131.7,299,2,2010s,1
ESA,Europe,2014,Lander,Success,368.6,191,0,2010s,1
ESA,Europe,2015,Lander,Success,5.0,96,0,2010s,1
ESA,Europe,2015,Flyby,Success,64.1,65,0,2010s,1
ESA,Europe,2015,Satellite,Success,326.7,613,0,2010s,1
ESA,Europe,2015,Lander,Success,471.7,98,0,2010s,1
ESA,Europe,2016,Space Station,Success,410.9,754,0,2010s,1
ESA,Europe,2016,Probe,Success,270.4,14,0,2010s,1
ESA,Europe,2016,Satellite,Success,379.3,157,6,2010s,1
ESA,Europe,2017,Telescope,Success,87.9,225,0,2010s,1
ESA,Europe,2018,Flyby,Success,439.3,215,0,2010s,1
ESA,Europe,2018,Flyby,Success,296.5,235,2,2010s,1
ESA,Europe,2019,Satellite,Success,960.2,349,0,2010s,1
ESA,Europe,2019,Probe,Success,734.8,123,0,2010s,1
ESA,Europe,2020,Rover,Success,5.0,218,6,2020s,1
ESA,Europe,2020,Satellite,Success,305.1,305,0,2020s,1
ESA,Europe,2020,Satellite,Failure,175.7,228,2,2020s,0
ESA,Europe,2021,Space Station,Success,42.8,66,0,2020s,1
ESA,Europe,2021,Telescope,Success,398.2,51,0,2020s,1
ESA,Europe,2021,Rover,Success,591.3,2,0,2020s,1
ESA,Europe,2022,Satellite,Success,108.8,174,0,2020s,1
ESA,Europe,2023,Satellite,Success,141.7,208,0,2020s,1
ESA,Europe,2023,Crewed,Success,722.6,184,0,2020s,1
ISRO,India,1969,Lander,Success,16.0,58,0,1960s,1
ISRO,India,1970,Satellite,Success,529.4,21,0,1970s,1
ISRO,India,1970,Lander,Failure,82.4,76,0,1970s,0
ISRO,India,1971,Satellite,Success,50.8,192,6,1970s,1
ISRO,India,1972,Flyby,Success,52.9,17,0,1970s,1
ISRO,India,1973,Flyby,Success,43.3,202,0,1970s,1
ISRO,India,1973,Satellite,Failure,47.4,163,2,1970s,0
ISRO,India,1974,Flyby,Success,200.1,386,0,1970s,1
ISRO,India,1975,Probe,Success,43.8,107,6,1970s,1
ISRO,India,1975,Rover,Success,31.3,200,6,1970s,1
ISRO,India,1975,Satellite,Success,85.3,17,0,1970s,1
ISRO,India,1976,Lander,Success,5.0,160,0,1970s,1
ISRO,India,1976,Satellite,Failure,187.8,17,0,1970s,0
ISRO,India,1977,Satellite,Success,47.4,51,0,1970s,1
ISRO,India,1977,Lander,Success,140.0,201,0,1970s,1
ISRO,India,1978,Lander,Failure,200.9,132,0,1970s,0
ISRO,India,1978,Flyby,Success,131.7,139,0,1970s,1
ISRO,India,1978,Space Station,Success,164.7,278,0,1970s,1
ISRO,India,1978,Satellite,Failure,183.4,100,0,1970s,0
ISRO,India,1978,Flyby,Failure,9.9,313,0,1970s,0
ISRO,India,1978,Satellite,Success,53.7,125,0,1970s,1
ISRO,India,1979,Crewed,Failure,159.7,54,0,1970s,0
ISRO,India,1979,Satellite,Success,30.8,196,2,1970s,1
ISRO,India,1980,Satellite,Success,43.1,130,0,1980s,1
ISRO,India,1980,Crewed,Success,264.5,280,0,1980s,1
ISRO,India,1981,Flyby,Success,313.5,19,0,1980s,1
ISRO,India,1981,Probe,Success,32.3,352,0,1980s,1
ISRO,India,1981,Rover,Failure,207.0,104,0,1980s,0
ISRO,India,1982,Satellite,Success,177.6,46,0,1980s,1
ISRO,India,1983,Lander,Success,197.7,130,0,1980s,1
ISRO,India,1984,Satellite,Success,332.3,49,0,1980s,1
ISRO,India,1985,Probe,Success,140.4,50,0,1980s,1
ISRO,India,1986,Flyby,Success,143.7,146,0,1980s,1
ISRO,India,1987,Satellite,Success,104.0,95,2,1980s,1
ISRO,India,1987,Probe,Success,18.4,167,0,1980s,1
ISRO,India,1988,Satellite,Success,74.6,406,0,1980s,1
ISRO,India,1989,Rover,Success,10.7,115,0,1980s,1
ISRO,India,1990,Lander,Success,115.1,325,2,1990s,1
ISRO,India,1990,Probe,Failure,60.9,282,0,1990s,0
ISRO,India,1991,Space Station,Failure,94.2,14,0,1990s,0
ISRO,India,1992,Space Station,Success,74.0,140,6,1990s,1
ISRO,India,1992,Telescope,Success,11.5,84,2,1990s,1
ISRO,India,1993,Crewed,Success,69.9,12,0,1990s,1
ISRO,India,1993,Lander,Success,160.4,222,0,1990s,1
ISRO,India,1993,Telescope,Success,99.2,0,2,1990s,1
ISRO,India,1994,Probe,Failure,228.5,250,2,1990s,0
ISRO,India,1994,Satellite,Success,166.8,174,0,1990s,1
ISRO,India,1995,Space Station,Success,207.9,429,0,1990s,1
ISRO,India,1996,Satellite,Success,96.3,226,0,1990s,1
ISRO,India,1996,Satellite,Success,41.5,43,0,1990s,1
ISRO,India,1996,Probe,Failure,31.2,14,0,1990s,0
ISRO,India,1997,Satellite,Failure,176.8,55,4,1990s,0
ISRO,India,1997,Satellite,Success,47.1,38,0,1990s,1
ISRO,India,1998,Satellite,Success,162.7,303,0,1990s,1
ISRO,India,1999,Lander,Success,68.9,101,0,1990s,1
ISRO,India,2000,Satellite,Success,122.2,7,0,2000s,1
ISRO,India,2001,Flyby,Success,261.8,335,0,2000s,1
ISRO,India,2001,Satellite,Success,15.0,1225,0,2000s,1
ISRO,India,2001,Rover,Success,292.8,1087,0,2000s,1
ISRO,India,2002,Satellite,Success,5.0,80,0,2000s,1
ISRO,India,2003,Satellite,Success,5.0,260,0,2000s,1
ISRO,India,2004,Telescope,Success,124.3,176,2,2000s,1
ISRO,India,2005,Probe,Success,395.0,476,0,2000s,1
ISRO,India,2005,Satellite,Success,815.0,714,0,2000s,1
ISRO,India,2005,Lander,Success,134.9,9,0,2000s,1
ISRO,India,2005,Telescope,Success,70.1,511,0,2000s,1
ISRO,India,2005,Lander,Success,179.2,188,0,2000s,1
ISRO,India,2005,Telescope,Success,137.2,35,0,2000s,1
ISRO,India,2006,Lander,Success,141.1,216,2,2000s,1
ISRO,India,2006,Flyby,Success,115.2,120,0,2000s,1
ISRO,India,2006,Probe,Success,48.7,457,0,2000s,1
ISRO,India,2007,Crewed,Success,13.3,168,2,2000s,1
ISRO,India,2007,Telescope,Success,35.6,357,2,2000s,1
ISRO,India,2008,Flyby,Success,5.0,409,0,2000s,1
ISRO,India,2008,Probe,Failure,282.0,11,0,2000s,0
ISRO,India,2009,Satellite,Success,73.1,13,0,2000s,1
ISRO,India,2009,Probe,Success,46.9,19,0,2000s,1
ISRO,India,2009,Flyby,Success,213.6,618,0,2000s,1
ISRO,India,2010,Satellite,Success,44.5,79,0,2010s,1
ISRO,India,2010,Satellite,Success,248.3,28,0,2010s,1
ISRO,India,2010,Satellite,Success,13.0,119,0,2010s,1
ISRO,India,2011,Satellite,Success,146.7,57,0,2010s,1
ISRO,India,2011,Probe,Success,54.9,311,0,2010s,1
ISRO,India,2011,Probe,Success,193.7,153,0,2010s,1
ISRO,India,2012,Probe,Success,203.0,122,0,2010s,1
ISRO,India,2012,Crewed,Success,294.7,94,0,2010s,1
ISRO,India,2012,Lander,Success,20.2,39,6,2010s,1
ISRO,India,2012,Probe,Success,129.9,121,0,2010s,1
ISRO,India,2012,Probe,Success,69.8,195,0,2010s,1
ISRO,India,2012,Satellite,Success,49.0,44,0,2010s,1
ISRO,India,2012,Satellite,Success,392.8,630,0,2010s,1
ISRO,India,2013,Satellite,Success,122.1,335,0,2010s,1
ISRO,India,2013,Telescope,Success,37.4,44,2,2010s,1
ISRO,India,2014,Rover,Success,148.1,249,0,2010s,1
ISRO,India,2014,Crewed,Success,14.8,119,4,2010s,1
ISRO,India,2015,Satellite,Success,40.8,430,0,2010s,1
ISRO,India,2016,Probe,Success,1158.5,264,0,2010s,1
ISRO,India,2016,Satellite,Success,5.0,41,0,2010s,1
ISRO,India,2016,Telescope,Success,362.2,128,0,2010s,1
ISRO,India,2017,Crewed,Success,274.1,31,0,2010s,1
ISRO,India,2018,Satellite,Success,140.6,59,0,2010s,1
ISRO,India,2018,Rover,Success,74.7,250,0,2010s,1
ISRO,India,2019,Satellite,Success,263.0,133,0,2010s,1
ISRO,India,2019,Satellite,Success,5.0,586,0,2010s,1
ISRO,India,2019,Satellite,Success,141.8,204,0,2010s,1
ISRO,India,2019,Flyby,Success,324.2,241,0,2010s,1
ISRO,India,2019,Flyby,Success,5.0,226,0,2010s,1
ISRO,India,2020,Satellite,Success,63.1,323,4,2020s,1
ISRO,India,2020,Crewed,Success,396.0,11,0,2020s,1
ISRO,India,2020,Probe,Success,24.5,619,0,2020s,1
ISRO,India,2020,Satellite,Success,95.5,195,0,2020s,1
ISRO,India,2021,Satellite,Success,163.4,95,0,2020s,1
ISRO,India,2021,Space Station,Success,359.8,67,0,2020s,1
ISRO,India,2021,Satellite,Success,30.6,75,0,2020s,1
ISRO,India,2021,Satellite,Success,199.2,136,0,2020s,1
ISRO,India,2021,Satellite,Success,136.0,102,0,2020s,1
ISRO,India,2022,Telescope,Success,402.3,309,0,2020s,1
ISRO,India,2022,Space Station,Success,76.5,71,0,2020s,1
ISRO,India,2022,Rover,Success,16.5,154,0,2020s,1
ISRO,India,2023,Probe,Success,201.4,5,0,2020s,1
ISRO,India,2023,Satellite,Success,28.4,151,0,2020s,1
CNSA,China,1970,Crewed,Partial Success,64.0,9,0,1970s,0
CNSA,China,1970,Probe,Failure,38.5,171,0,1970s,0
CNSA,China,1970,Crewed,Success,260.2,309,0,1970s,1
CNSA,China,1971,Satellite,Failure,35.2,15,0,1970s,0
CNSA,China,1972,Rover,Success,260.3,87,0,1970s,1
CNSA,China,1972,Flyby,Success,18.9,488,0,1970s,1
CNSA,China,1973,Crewed,Success,26.4,192,6,1970s,1
CNSA,China,1974,Satellite,Success,142.3,501,0,1970s,1
CNSA,China,1974,Crewed,Success,120.0,92,2,1970s,1
CNSA,China,1975,Satellite,Success,65.8,95,0,1970s,1
CNSA,China,1975,Satellite,Failure,75.4,36,0,1970s,0
CNSA,China,1976,Satellite,Success,317.2,146,0,1970s,1
CNSA,China,1977,Flyby,Partial Success,372.3,181,0,1970s,0
CNSA,China,1977,Lander,Success,113.7,203,0,1970s,1
CNSA,China,1977,Rover,Failure,23.8,322,0,1970s,0
CNSA,China,1978,Satellite,Partial Success,278.9,119,0,1970s,0
CNSA,China,1978,Probe,Success,59.0,7,0,1970s,1
CNSA,China,1979,Flyby,Partial Success,75.4,234,0,1970s,0
CNSA,China,1980,Satellite,Failure,695.8,4,0,1980s,0
CNSA,China,1980,Lander,Success,19.2,502,0,1980s,1
CNSA,China,1980,Satellite,Success,55.1,142,0,1980s,1
CNSA,China,1981,Crewed,Success,212.4,410,0,1980s,1
CNSA,China,1982,Telescope,Success,138.4,32,0,1980s,1
CNSA,China,1983,Flyby,Failure,21.8,47,2,1980s,0
CNSA,China,1984,Probe,Success,74.9,5,0,1980s,1
CNSA,China,1984,Rover,Success,54.9,7,0,1980s,1
CNSA,China,1985,Lander,Success,47.5,422,0,1980s,1
CNSA,China,1985,Satellite,Success,83.3,321,2,1980s,1
CNSA,China,1986,Flyby,Failure,15.0,107,0,1980s,0
CNSA,China,1987,Lander,Success,7.9,122,0,1980s,1
CNSA,China,1988,Satellite,Success,127.3,294,0,1980s,1
CNSA,China,1989,Satellite,Success,67.2,94,0,1980s,1
CNSA,China,1990,Crewed,Success,179.2,38,0,1990s,1
CNSA,China,1991,Satellite,Success,79.5,49,0,1990s,1
CNSA,China,1991,Telescope,Failure,260.9,91,0,1990s,0
CNSA,China,1992,Satellite,Success,735.6,30,7,1990s,1
CNSA,China,1992,Rover,Partial Success,161.6,155,2,1990s,0
CNSA,China,1993,Crewed,Success,83.7,72,0,1990s,1
CNSA,China,1994,Lander,Partial Success,260.0,146,0,1990s,0
CNSA,China,1995,Satellite,Failure,331.0,868,0,1990s,0
CNSA,China,1996,Satellite,Failure,301.0,19,0,1990s,0
CNSA,China,1997,Probe,Success,138.6,206,0,1990s,1
CNSA,China,1997,Satellite,Success,219.5,46,0,1990s,1
CNSA,China,1997,Telescope,Success,206.2,44,0,1990s,1
CNSA,China,1998,Rover,Success,6.9,238,0,1990s,1
CNSA,China,1999,Satellite,Success,12.8,53,0,1990s,1
CNSA,China,1999,Crewed,Success,119.2,34,0,1990s,1
CNSA,China,2000,Probe,Success,124.5,124,0,2000s,1
CNSA,China,2000,Telescope,Success,62.5,448,0,2000s,1
CNSA,China,2001,Satellite,Success,111.8,215,4,2000s,1
CNSA,China,2002,Satellite,Success,36.9,195,0,2000s,1
CNSA,China,2002,Satellite,Success,195.7,70,0,2000s,1
CNSA,China,2002,Satellite,Success,21.7,17,2,2000s,1
CNSA,China,2002,Telescope,Success,16.4,92,0,2000s,1
CNSA,China,2003,Lander,Success,66.1,52,0,2000s,1
CNSA,China,2004,Probe,Success,71.7,168,0,2000s,1
CNSA,China,2004,Satellite,Success,56.7,18,0,2000s,1
CNSA,China,2004,Crewed,Partial Success,113.9,372,7,2000s,0
CNSA,China,2004,Rover,Success,59.4,65,0,2000s,1
CNSA,China,2005,Telescope,Success,20.6,155,0,2000s,1
CNSA,China,2005,Lander,Success,309.4,124,0,2000s,1
CNSA,China,2006,Satellite,Success,87.8,172,2,2000s,1
CNSA,China,2007,Flyby,Success,17.2,117,0,2000s,1
CNSA,China,2008,Satellite,Success,132.1,141,0,2000s,1
CNSA,China,2009,Lander,Success,43.6,66,0,2000s,1
CNSA,China,2009,Rover,Success,131.2,235,0,2000s,1
CNSA,China,2010,Crewed,Success,363.4,3,0,2010s,1
CNSA,China,2010,Lander,Success,181.7,72,0,2010s,1
CNSA,China,2010,Lander,Success,90.8,95,4,2010s,1
CNSA,China,2011,Flyby,Success,71.2,11,0,2010s,1
CNSA,China,2012,Crewed,Success,18.3,386,0,2010s,1
CNSA,China,2012,Telescope,Success,87.5,188,0,2010s,1
CNSA,China,2012,Flyby,Success,156.9,556,0,2010s,1
CNSA,China,2012,Telescope,Success,130.7,92,0,2010s,1
CNSA,China,2013,Lander,Success,35.1,10,0,2010s,1
CNSA,China,2014,Probe,Success,357.9,90,0,2010s,1
CNSA,China,2014,Satellite,Success,85.0,162,0,2010s,1
CNSA,China,2014,Lander,Success,132.5,317,0,2010s,1
CNSA,China,2014,Telescope,Success,264.6,275,0,2010s,1
CNSA,China,2014,Satellite,Success,312.1,636,0,2010s,1
CNSA,China,2015,Probe,Success,130.4,494,0,2010s,1
CNSA,China,2016,Satellite,Failure,252.6,59,0,2010s,0
CNSA,China,2016,Telescope,Success,71.9,10,0,2010s,1
CNSA,China,2016,Crewed,Success,36.6,105,0,2010s,1
CNSA,China,2017,Probe,Success,80.2,570,0,2010s,1
CNSA,China,2017,Satellite,Success,147.4,152,0,2010s,1
CNSA,China,2017,Telescope,Success,216.4,133,0,2010s,1
CNSA,China,2017,Satellite,Success,87.5,32,0,2010s,1
CNSA,China,2017,Crewed,Success,7.9,91,0,2010s,1
CNSA,China,2017,Crewed,Success,274.1,28,0,2010s,1
CNSA,China,2017,Satellite,Success,128.0,150,2,2010s,1
CNSA,China,2018,Satellite,Success,30.7,140,0,2010s,1
CNSA,China,2018,Flyby,Success,276.9,63,0,2010s,1
CNSA,China,2019,Probe,Success,42.3,79,7,2010s,1
CNSA,China,2020,Satellite,Success,5.0,199,0,2020s,1
CNSA,China,2020,Probe,Success,80.5,4,0,2020s,1
CNSA,China,2020,Satellite,Success,471.0,164,0,2020s,1
CNSA,China,2021,Satellite,Success,239.6,203,0,2020s,1
CNSA,China,2021,Flyby,Success,11.3,59,0,2020s,1
CNSA,China,2022,Crewed,Success,574.0,35,0,2020s,1
CNSA,China,2022,Lander,Success,81.7,155,2,2020s,1
CNSA,China,2022,Space Station,Success,9.2,212,0,2020s,1
CNSA,China,2022,Probe,Success,77.3,131,7,2020s,1
CNSA,China,2022,Telescope,Success,75.6,25,0,2020s,1
CNSA,China,2023,Crewed,Success,66.4,162,0,2020s,1
CNSA,China,2023,Probe,Success,120.9,152,0,2020s,1
CNSA,China,2023,Satellite,Success,65.7,272,0,2020s,1
CNSA,China,2023,Lander,Success,125.7,286,0,2020s,1
CNSA,China,2023,Probe,Success,21.4,54,0,2020s,1
CNSA,China,2023,Probe,Success,51.0,1,0,2020s,1
SpaceX,USA,2006,Probe,Success,425.7,34,0,2000s,1
SpaceX,USA,2007,Probe,Success,78.5,132,2,2000s,1
SpaceX,USA,2008,Space Station,Success,129.1,398,0,2000s,1
SpaceX,USA,2009,Satellite,Success,33.2,51,0,2000s,1
SpaceX,USA,2009,Probe,Success,83.4,172,0,2000s,1
SpaceX,USA,2009,Satellite,Success,109.5,43,0,2000s,1
SpaceX,USA,2009,Rover,Success,5.0,188,0,2000s,1
SpaceX,USA,2010,Space Station,Success,92.0,149,0,2010s,1
SpaceX,USA,2010,Flyby,Success,868.9,229,0,2010s,1
SpaceX,USA,2011,Space Station,Success,44.4,44,0,2010s,1
SpaceX,USA,2012,Lander,Success,56.2,95,0,2010s,1
SpaceX,USA,2012,Telescope,Failure,409.0,65,0,2010s,0
SpaceX,USA,2012,Lander,Success,505.6,90,0,2010s,1
SpaceX,USA,2013,Satellite,Success,83.7,186,0,2010s,1
SpaceX,USA,2013,Crewed,Success,47.0,39,0,2010s,1
SpaceX,USA,2013,Crewed,Success,208.7,409,2,2010s,1
SpaceX,USA,2014,Crewed,Failure,62.2,11,0,2010s,0
SpaceX,USA,2015,Rover,Success,312.5,64,2,2010s,1
SpaceX,USA,2016,Probe,Success,155.7,128,0,2010s,1
SpaceX,USA,2016,Rover,Success,296.4,26,6,2010s,1
SpaceX,USA,2016,Telescope,Success,209.0,300,4,2010s,1
SpaceX,USA,2016,Rover,Success,21.2,219,0,2010s,1
SpaceX,USA,2016,Satellite,Success,309.6,33,0,2010s,1
SpaceX,USA,2017,Probe,Success,31.5,229,0,2010s,1
SpaceX,USA,2017,Probe,Success,264.7,318,0,2010s,1
SpaceX,USA,2017,Rover,Success,166.8,214,0,2010s,1
SpaceX,USA,2017,Lander,Success,17.9,94,2,2010s,1
SpaceX,USA,2018,Telescope,Failure,149.7,56,0,2010s,0
SpaceX,USA,2019,Probe,Success,558.1,82,0,2010s,1
SpaceX,USA,2019,Probe,Success,87.2,381,0,2010s,1
SpaceX,USA,2019,Satellite,Success,608.9,51,0,2010s,1
SpaceX,USA,2019,Probe,Success,80.5,98,0,2010s,1
SpaceX,USA,2020,Satellite,Success,209.2,129,0,2020s,1
SpaceX,USA,2020,Flyby,Success,85.7,456,0,2020s,1
SpaceX,USA,2020,Satellite,Success,81.4,44,0,2020s,1
SpaceX,USA,2021,Lander,Success,396.4,101,0,2020s,1
SpaceX,USA,2021,Satellite,Success,70.5,174,0,2020s,1
SpaceX,USA,2021,Satellite,Success,775.9,47,0,2020s,1
SpaceX,USA,2021,Satellite,Success,74.6,291,0,2020s,1
SpaceX,USA,2022,Probe,Success,674.3,118,7,2020s,1
SpaceX,USA,2022,Satellite,Success,116.0,872,2,2020s,1
SpaceX,USA,2022,Lander,Success,63.6,1,0,2020s,1
SpaceX,USA,2022,Rover,Success,61.7,316,0,2020s,1
SpaceX,USA,2022,Satellite,Success,39.9,12,0,2020s,1
SpaceX,USA,2023,Space Station,Success,101.9,72,0,2020s,1
SpaceX,USA,2023,Satellite,Failure,53.0,63,0,2020s,0
SpaceX,USA,2023,Rover,Success,19.6,181,0,2020s,1
JAXA,Japan,1969,Satellite,Partial Success,258.3,141,0,1960s,0
JAXA,Japan,1970,Rover,Success,5.0,129,0,1970s,1
JAXA,Japan,1970,Space Station,Partial Success,256.9,394,0,1970s,0
JAXA,Japan,1971,Crewed,Success,118.0,31,0,1970s,1
JAXA,Japan,1972,Probe,Success,238.8,242,0,1970s,1
JAXA,Japan,1973,Satellite,Success,71.1,96,0,1970s,1
JAXA,Japan,1974,Satellite,Success,74.7,531,0,1970s,1
JAXA,Japan,1974,Satellite,Failure,596.5,86,0,1970s,0
JAXA,Japan,1974,Telescope,Success,32.0,28,4,1970s,1
JAXA,Japan,1975,Satellite,Success,151.4,79,0,1970s,1
JAXA,Japan,1975,Rover,Success,72.2,25,0,1970s,1
JAXA,Japan,1975,Satellite,Success,154.4,165,0,1970s,1
JAXA,Japan,1975,Rover,Success,34.2,113,2,1970s,1
JAXA,Japan,1976,Space Station,Success,63.0,207,0,1970s,1
JAXA,Japan,1977,Telescope,Success,41.3,88,0,1970s,1
JAXA,Japan,1978,Satellite,Success,362.6,1,0,1970s,1
JAXA,Japan,1979,Flyby,Success,26.5,607,0,1970s,1
JAXA,Japan,1980,Satellite,Success,27.3,446,0,1980s,1
JAXA,Japan,1980,Lander,Success,62.1,546,0,1980s,1
JAXA,Japan,1980,Space Station,Success,7.6,53,0,1980s,1
JAXA,Japan,1981,Crewed,Failure,62.8,586,0,1980s,0
JAXA,Japan,1982,Probe,Failure,215.4,300,0,1980s,0
JAXA,Japan,1983,Flyby,Failure,146.4,243,2,1980s,0
JAXA,Japan,1983,Crewed,Failure,7.9,92,0,1980s,0
JAXA,Japan,1984,Satellite,Success,207.6,142,0,1980s,1
JAXA,Japan,1984,Lander,Success,98.8,43,6,1980s,1
JAXA,Japan,1985,Probe,Failure,184.3,52,0,1980s,0
JAXA,Japan,1985,Satellite,Success,5.0,7,6,1980s,1
JAXA,Japan,1985,Telescope,Success,274.0,143,0,1980s,1
JAXA,Japan,1986,Telescope,Success,10.6,409,0,1980s,1
JAXA,Japan,1986,Rover,Success,136.4,90,0,1980s,1
JAXA,Japan,1986,Satellite,Failure,305.6,16,0,1980s,0
JAXA,Japan,1986,Satellite,Failure,84.4,32,0,1980s,0
JAXA,Japan,1986,Telescope,Success,32.8,42,0,1980s,1
JAXA,Japan,1987,Telescope,Failure,85.7,550,0,1980s,0
JAXA,Japan,1988,Lander,Success,19.4,64,0,1980s,1
JAXA,Japan,1988,Telescope,Success,27.3,85,0,1980s,1
JAXA,Japan,1989,Telescope,Success,138.4,121,0,1980s,1
JAXA,Japan,1989,Probe,Success,33.0,294,0,1980s,1
JAXA,Japan,1989,Crewed,Success,161.1,103,0,1980s,1
JAXA,Japan,1989,Satellite,Success,405.2,460,0,1980s,1
JAXA,Japan,1989,Lander,Success,5.6,115,0,1980s,1
JAXA,Japan,1990,Lander,Success,99.5,16,6,1990s,1
JAXA,Japan,1991,Crewed,Success,11.7,20,2,1990s,1
JAXA,Japan,1991,Satellite,Success,105.5,263,0,1990s,1
JAXA,Japan,1992,Satellite,Success,269.5,22,0,1990s,1
JAXA,Japan,1993,Satellite,Success,89.4,155,0,1990s,1
JAXA,Japan,1993,Satellite,Success,16.9,82,0,1990s,1
JAXA,Japan,1994,Probe,Success,98.7,255,0,1990s,1
JAXA,Japan,1994,Flyby,Success,8.7,119,4,1990s,1
JAXA,Japan,1994,Probe,Success,43.1,75,2,1990s,1
JAXA,Japan,1994,Probe,Success,15.7,2,6,1990s,1
JAXA,Japan,1994,Telescope,Success,12.5,206,4,1990s,1
JAXA,Japan,1994,Satellite,Success,130.7,261,0,1990s,1
JAXA,Japan,1995,Satellite,Success,359.2,257,0,1990s,1
JAXA,Japan,1995,Satellite,Success,211.9,115,0,1990s,1
JAXA,Japan,1995,Satellite,Success,59.2,113,0,1990s,1
JAXA,Japan,1995,Satellite,Partial Success,21.0,40,0,1990s,0
JAXA,Japan,1996,Crewed,Success,254.5,389,0,1990s,1
JAXA,Japan,1996,Flyby,Success,73.6,318,0,1990s,1
JAXA,Japan,1997,Satellite,Partial Success,60.6,217,0,1990s,0
JAXA,Japan,1997,Satellite,Partial Success,239.9,241,0,1990s,0
JAXA,Japan,1997,Satellite,Success,54.5,732,0,1990s,1
JAXA,Japan,1997,Flyby,Success,71.0,291,0,1990s,1
JAXA,Japan,1998,Satellite,Partial Success,59.2,254,0,1990s,0
JAXA,Japan,1999,Satellite,Success,53.5,115,0,1990s,1
JAXA,Japan,1999,Crewed,Success,8.9,157,2,1990s,1
JAXA,Japan,2000,Crewed,Success,105.4,1,0,2000s,1
JAXA,Japan,2000,Satellite,Success,68.9,695,0,2000s,1
JAXA,Japan,2000,Space Station,Success,189.5,157,0,2000s,1
JAXA,Japan,2001,Space Station,Success,98.3,12,0,2000s,1
JAXA,Japan,2001,Space Station,Success,34.2,315,0,2000s,1
JAXA,Japan,2001,Flyby,Success,107.8,61,0,2000s,1
JAXA,Japan,2001,Satellite,Success,32.1,24,0,2000s,1
JAXA,Japan,2001,Probe,Success,38.7,32,0,2000s,1
JAXA,Japan,2002,Probe,Success,185.5,741,0,2000s,1
JAXA,Japan,2002,Lander,Success,49.7,36,0,2000s,1
JAXA,Japan,2002,Lander,Success,21.7,113,0,2000s,1
JAXA,Japan,2002,Satellite,Success,229.5,1,0,2000s,1
JAXA,Japan,2003,Space Station,Success,61.4,171,4,2000s,1
JAXA,Japan,2003,Probe,Failure,90.4,58,6,2000s,0
JAXA,Japan,2003,Probe,Success,49.8,58,0,2000s,1
JAXA,Japan,2003,Satellite,Partial Success,129.6,15,0,2000s,0
JAXA,Japan,2004,Satellite,Success,509.7,521,0,2000s,1
JAXA,Japan,2004,Space Station,Success,5.0,299,4,2000s,1
JAXA,Japan,2004,Satellite,Success,485.7,138,0,2000s,1
JAXA,Japan,2005,Probe,Success,78.0,33,6,2000s,1
JAXA,Japan,2005,Probe,Success,138.7,46,0,2000s,1
JAXA,Japan,2005,Probe,Success,695.1,170,0,2000s,1
JAXA,Japan,2005,Satellite,Success,72.8,76,0,2000s,1
JAXA,Japan,2005,Probe,Success,237.0,154,0,2000s,1
JAXA,Japan,2006,Satellite,Success,5.0,188,0,2000s,1
JAXA,Japan,2006,Flyby,Success,127.0,358,0,2000s,1
JAXA,Japan,2007,Crewed,Success,302.7,50,6,2000s,1
JAXA,Japan,2007,Satellite,Failure,64.2,406,6,2000s,0
JAXA,Japan,2007,Satellite,Success,112.0,209,0,2000s,1
JAXA,Japan,2007,Satellite,Success,7.6,87,0,2000s,1
JAXA,Japan,2007,Probe,Success,58.0,38,0,2000s,1
JAXA,Japan,2008,Lander,Success,140.2,16,0,2000s,1
JAXA,Japan,2008,Probe,Success,201.8,42,2,2000s,1
JAXA,Japan,2008,Rover,Success,92.5,44,0,2000s,1
JAXA,Japan,2008,Satellite,Failure,33.3,76,0,2000s,0
JAXA,Japan,2008,Satellite,Success,51.3,49,0,2000s,1
JAXA,Japan,2009,Flyby,Success,464.1,289,0,2000s,1
JAXA,Japan,2009,Satellite,Success,46.5,126,0,2000s,1
JAXA,Japan,2009,Rover,Success,66.9,209,0,2000s,1
JAXA,Japan,2010,Crewed,Success,59.9,212,0,2010s,1
JAXA,Japan,2011,Lander,Success,655.7,45,0,2010s,1
JAXA,Japan,2011,Flyby,Success,25.5,250,0,2010s,1
JAXA,Japan,2011,Probe,Success,60.9,155,2,2010s,1
JAXA,Japan,2012,Probe,Success,55.7,36,0,2010s,1
JAXA,Japan,2012,Satellite,Success,93.5,25,4,2010s,1
JAXA,Japan,2012,Lander,Success,16.8,269,2,2010s,1
JAXA,Japan,2013,Telescope,Success,92.0,135,0,2010s,1
JAXA,Japan,2013,Satellite,Success,85.6,62,0,2010s,1
JAXA,Japan,2013,Lander,Success,237.7,32,0,2010s,1
JAXA,Japan,2014,Telescope,Success,303.7,317,0,2010s,1
JAXA,Japan,2014,Satellite,Success,7.6,53,0,2010s,1
JAXA,Japan,2014,Crewed,Success,429.7,169,2,2010s,1
JAXA,Japan,2015,Satellite,Success,909.4,55,0,2010s,1
JAXA,Japan,2015,Satellite,Success,178.9,232,2,2010s,1
JAXA,Japan,2015,Flyby,Failure,10.1,310,0,2010s,0
JAXA,Japan,2016,Satellite,Success,67.5,315,0,2010s,1
JAXA,Japan,2016,Satellite,Success,83.5,113,4,2010s,1
JAXA,Japan,2016,Satellite,Success,111.8,12,6,2010s,1
JAXA,Japan,2016,Probe,Success,65.8,206,0,2010s,1
JAXA,Japan,2017,Satellite,Success,136.6,366,2,2010s,1
JAXA,Japan,2017,Probe,Success,12.0,199,2,2010s,1
JAXA,Japan,2017,Crewed,Success,273.8,377,0,2010s,1
JAXA,Japan,2018,Rover,Success,214.1,8,2,2010s,1
JAXA,Japan,2018,Satellite,Success,118.6,17,0,2010s,1
JAXA,Japan,2019,Satellite,Success,132.9,330,0,2010s,1
JAXA,Japan,2019,Probe,Success,256.8,71,0,2010s,1
JAXA,Japan,2020,Telescope,Success,130.4,243,0,2020s,1
JAXA,Japan,2020,Crewed,Success,20.2,25,0,2020s,1
JAXA,Japan,2021,Probe,Success,144.5,273,0,2020s,1
JAXA,Japan,2021,Satellite,Success,206.5,342,0,2020s,1
JAXA,Japan,2021,Satellite,Success,475.4,6,0,2020s,1
JAXA,Japan,2021,Lander,Success,29.0,48,0,2020s,1
JAXA,Japan,2022,Probe,Success,364.2,28,0,2020s,1
JAXA,Japan,2022,Satellite,Success,172.5,162,0,2020s,1
JAXA,Japan,2023,Crewed,Success,124.7,52,4,2020s,1
JAXA,Japan,2023,Space Station,Success,16.4,192,4,2020s,1
JAXA,Japan,2023,Flyby,Success,90.5,524,0,2020s,1
JAXA,Japan,2023,Satellite,Success,54.3,17,0,2020s,1
Arianespace,Europe,1980,Rover,Success,22.9,25,0,1980s,1
Arianespace,Europe,1981,Satellite,Success,386.0,310,0,1980s,1
Arianespace,Europe,1982,Satellite,Success,6.0,109,2,1980s,1
Arianespace,Europe,1982,Rover,Success,717.4,32,0,1980s,1
Arianespace,Europe,1982,Flyby,Success,636.1,208,0,1980s,1
Arianespace,Europe,1983,Flyby,Failure,72.4,179,0,1980s,0
Arianespace,Europe,1984,Flyby,Failure,423.9,34,2,1980s,0
Arianespace,Europe,1985,Satellite,Success,364.9,180,0,1980s,1
Arianespace,Europe,1986,Crewed,Success,147.8,28,2,1980s,1
Arianespace,Europe,1987,Probe,Success,17.1,3,4,1980s,1
Arianespace,Europe,1988,Satellite,Partial Success,46.2,195,6,1980s,0
Arianespace,Europe,1989,Flyby,Partial Success,26.8,64,0,1980s,0
Arianespace,Europe,1989,Rover,Success,71.3,16,0,1980s,1
Arianespace,Europe,1989,Telescope,Partial Success,80.7,32,7,1980s,0
Arianespace,Europe,1990,Satellite,Success,130.4,475,0,1990s,1
Arianespace,Europe,1990,Crewed,Failure,185.0,236,0,1990s,0
Arianespace,Europe,1991,Probe,Success,836.9,115,2,1990s,1
Arianespace,Europe,1991,Rover,Success,135.7,391,0,1990s,1
Arianespace,Europe,1992,Satellite,Success,310.2,48,0,1990s,1
Arianespace,Europe,1992,Satellite,Success,105.8,31,6,1990s,1
Arianespace,Europe,1992,Space Station,Failure,78.3,258,0,1990s,0
Arianespace,Europe,1993,Probe,Success,91.2,131,0,1990s,1
Arianespace,Europe,1994,Probe,Failure,35.5,48,0,1990s,0
Arianespace,Europe,1994,Crewed,Failure,44.8,363,0,1990s,0
Arianespace,Europe,1994,Probe,Success,34.3,177,0,1990s,1
Arianespace,Europe,1994,Probe,Partial Success,99.8,150,4,1990s,0
Arianespace,Europe,1995,Satellite,Success,369.5,73,6,1990s,1
Arianespace,Europe,1995,Telescope,Success,117.4,24,0,1990s,1
Arianespace,Europe,1995,Telescope,Success,88.8,270,0,1990s,1
Arianespace,Europe,1995,Crewed,Success,391.7,223,0,1990s,1
Arianespace,Europe,1995,Satellite,Success,625.8,197,0,1990s,1
Arianespace,Europe,1996,Satellite,Success,189.6,269,0,1990s,1
Arianespace,Europe,1996,Space Station,Success,12.3,72,0,1990s,1
Arianespace,Europe,1996,Crewed,Partial Success,197.9,207,0,1990s,0
Arianespace,Europe,1997,Satellite,Success,317.3,606,0,1990s,1
Arianespace,Europe,1997,Satellite,Success,171.0,314,0,1990s,1
Arianespace,Europe,1998,Satellite,Success,69.0,264,2,1990s,1
Arianespace,Europe,1998,Flyby,Success,78.2,265,0,1990s,1
Arianespace,Europe,1998,Space Station,Failure,13.7,496,2,1990s,0
Arianespace,Europe,1999,Satellite,Partial Success,24.4,138,0,1990s,0
Arianespace,Europe,1999,Satellite,Success,484.2,8,0,1990s,1
Arianespace,Europe,1999,Probe,Success,403.8,197,2,1990s,1
Arianespace,Europe,1999,Probe,Success,92.3,124,0,1990s,1
Arianespace,Europe,2000,Satellite,Success,308.8,170,0,2000s,1
Arianespace,Europe,2000,Probe,Failure,11.4,177,0,2000s,0
Arianespace,Europe,2000,Rover,Success,579.1,125,0,2000s,1
Arianespace,Europe,2000,Satellite,Success,118.8,142,0,2000s,1
Arianespace,Europe,2001,Satellite,Success,311.6,24,0,2000s,1
Arianespace,Europe,2001,Telescope,Success,66.0,279,0,2000s,1
Arianespace,Europe,2001,Satellite,Success,187.6,372,0,2000s,1
Arianespace,Europe,2002,Lander,Success,213.4,20,0,2000s,1
Arianespace,Europe,2002,Flyby,Success,108.1,540,0,2000s,1
Arianespace,Europe,2002,Rover,Success,101.9,114,0,2000s,1
Arianespace,Europe,2003,Satellite,Success,236.9,119,0,2000s,1
Arianespace,Europe,2003,Satellite,Success,447.2,65,0,2000s,1
Arianespace,Europe,2003,Satellite,Success,5.4,70,0,2000s,1
Arianespace,Europe,2003,Crewed,Success,88.9,606,0,2000s,1
Arianespace,Europe,2004,Satellite,Success,185.3,3,0,2000s,1
Arianespace,Europe,2004,Satellite,Success,124.4,41,0,2000s,1
Arianespace,Europe,2005,Space Station,Success,65.2,230,0,2000s,1
Arianespace,Europe,2006,Satellite,Success,32.7,518,6,2000s,1
Arianespace,Europe,2006,Flyby,Success,118.1,56,0,2000s,1
Arianespace,Europe,2007,Satellite,Success,1128.8,291,0,2000s,1
Arianespace,Europe,2007,Satellite,Success,24.6,60,0,2000s,1
Arianespace,Europe,2007,Probe,Success,12.1,3,0,2000s,1
Arianespace,Europe,2007,Flyby,Success,152.2,291,0,2000s,1
Arianespace,Europe,2008,Rover,Success,27.6,129,0,2000s,1
Arianespace,Europe,2009,Satellite,Success,5.0,244,0,2000s,1
Arianespace,Europe,2009,Rover,Success,25.2,64,0,2000s,1
Arianespace,Europe,2009,Satellite,Success,100.7,94,7,2000s,1
Arianespace,Europe,2009,Satellite,Success,8.1,176,0,2000s,1
Arianespace,Europe,2010,Satellite,Success,135.0,42,0,2010s,1
Arianespace,Europe,2010,Satellite,Failure,243.5,279,0,2010s,0
Arianespace,Europe,2010,Satellite,Success,179.3,185,0,2010s,1
Arianespace,Europe,2010,Lander,Success,25.4,50,2,2010s,1
Arianespace,Europe,2011,Crewed,Success,378.9,189,0,2010s,1
Arianespace,Europe,2012,Probe,Success,19.7,92,0,2010s,1
Arianespace,Europe,2012,Rover,Success,25.0,82,0,2010s,1
Arianespace,Europe,2012,Rover,Success,184.3,38,0,2010s,1
Arianespace,Europe,2013,Rover,Partial Success,74.2,155,4,2010s,0
Arianespace,Europe,2013,Satellite,Success,71.4,333,0,2010s,1
Arianespace,Europe,2014,Lander,Success,212.2,167,0,2010s,1
Arianespace,Europe,2014,Lander,Success,13.5,112,0,2010s,1
Arianespace,Europe,2014,Satellite,Success,76.7,143,0,2010s,1
Arianespace,Europe,2014,Rover,Success,36.4,23,2,2010s,1
Arianespace,Europe,2015,Telescope,Success,64.6,474,0,2010s,1
Arianespace,Europe,2015,Probe,Success,158.6,53,0,2010s,1
Arianespace,Europe,2015,Satellite,Success,263.1,148,0,2010s,1
Arianespace,Europe,2015,Satellite,Success,126.2,364,0,2010s,1
Arianespace,Europe,2015,Probe,Failure,23.1,88,6,2010s,0
Arianespace,Europe,2016,Satellite,Success,229.1,105,0,2010s,1
Arianespace,Europe,2016,Crewed,Success,87.8,84,0,2010s,1
Arianespace,Europe,2016,Rover,Success,67.4,133,0,2010s,1
Arianespace,Europe,2016,Satellite,Success,406.4,231,0,2010s,1
Arianespace,Europe,2017,Probe,Success,118.4,80,0,2010s,1
Arianespace,Europe,2018,Satellite,Success,189.4,139,0,2010s,1
Arianespace,Europe,2018,Lander,Success,27.6,37,0,2010s,1
Arianespace,Europe,2018,Satellite,Success,155.4,189,2,2010s,1
Arianespace,Europe,2019,Flyby,Success,136.0,222,0,2010s,1
Arianespace,Europe,2020,Flyby,Success,518.3,139,0,2020s,1
Arianespace,Europe,2021,Satellite,Success,95.2,109,0,2020s,1
Arianespace,Europe,2021,Satellite,Success,105.1,319,0,2020s,1
Arianespace,Europe,2022,Rover,Success,515.7,397,0,2020s,1
Arianespace,Europe,2022,Satellite,Success,42.5,110,0,2020s,1
Arianespace,Europe,2022,Lander,Success,49.2,149,0,2020s,1
Arianespace,Europe,2022,Lander,Success,177.3,840,0,2020s,1
Arianespace,Europe,2023,Satellite,Success,310.0,11,2,2020s,1
Arianespace,Europe,2023,Satellite,Success,107.6,508,0,2020s,1
Arianespace,Europe,2023,Rover,Success,75.6,39,0,2020s,1
Arianespace,Europe,2023,Flyby,Success,215.3,126,7,2020s,1
